Date,Close
2022-03-17,157.37
2022-03-18,160.67
2022-03-21,162.04
2022-03-22,165.41
2022-03-23,166.77
2022-03-24,170.55
2022-03-25,171.19
2022-03-28,172.05
2022-03-29,175.34
2022-03-30,174.18
2022-03-31,171.08
2022-04-01,170.79
2022-04-04,174.83
2022-04-05,171.52
2022-04-06,168.36
2022-04-07,168.66
2022-04-08,166.65
2022-04-11,162.4
2022-04-12,164.27
2022-04-13,166.96
2022-04-14,161.95
2022-04-18,161.73
2022-04-19,164.02
2022-04-20,163.85
2022-04-21,163.06
2022-04-22,158.52
2022-04-25,159.59
2022-04-26,153.63
2022-04-27,153.4
2022-04-28,160.33
2022-04-29,154.46
2022-05-02,154.77
2022-05-03,156.26
2022-05-04,162.66
2022-05-05,153.6
2022-05-06,154.33
2022-05-09,149.2
2022-05-10,151.61
2022-05-11,143.75
2022-05-12,139.88
2022-05-13,144.35
2022-05-16,142.81
2022-05-17,146.44
2022-05-18,138.18
2022-05-19,134.77
2022-05-20,135.01
2022-05-23,140.42
2022-05-24,137.72
2022-05-25,137.88
2022-05-26,141.08
2022-05-27,146.83
2022-05-31,146.05
2022-06-01,145.92
2022-06-02,148.37
2022-06-03,142.65
2022-06-06,143.4
2022-06-07,145.92
2022-06-08,145.18
2022-06-09,139.96
2022-06-10,134.56
2022-06-13,129.4
2022-06-14,130.27
2022-06-15,132.89
2022-06-16,127.62
2022-06-17,129.09
2022-06-21,133.32
2022-06-22,132.81
2022-06-23,135.67
2022-06-24,139.0
2022-06-27,139.0
2022-06-28,134.86
2022-06-29,136.62
2022-06-30,134.15
2022-07-01,136.32
2022-07-05,138.9
2022-07-06,140.24
2022-07-07,143.6
2022-07-08,144.28
2022-07-11,142.15
2022-07-12,143.12
2022-07-13,142.76
2022-07-14,145.68
2022-07-15,147.35
2022-07-18,144.31
2022-07-19,148.16
2022-07-20,150.17
2022-07-21,152.43
2022-07-22,151.2
2022-07-25,150.08
2022-07-26,148.75
2022-07-27,153.85
2022-07-28,154.4
2022-07-29,159.46
2022-08-01,158.48
2022-08-02,157.01
2022-08-03,163.01
2022-08-04,162.7
2022-08-05,162.47
2022-08-08,162.0
2022-08-09,162.05
2022-08-10,166.29
2022-08-11,165.56
2022-08-12,169.1
2022-08-15,170.17
2022-08-16,170.02
2022-08-17,171.51
2022-08-18,171.12
2022-08-19,168.53
2022-08-22,164.65
2022-08-23,164.32
2022-08-24,164.61
2022-08-25,167.07
2022-08-26,160.77
2022-08-29,158.57
2022-08-30,156.14
2022-08-31,154.48
2022-09-01,155.21
2022-09-02,153.1
2022-09-06,151.84
2022-09-07,153.24
2022-09-08,151.77
2022-09-09,154.63
2022-09-12,160.58
2022-09-13,151.16
2022-09-14,152.61
2022-09-15,149.72
2022-09-16,148.08
2022-09-19,151.79
2022-09-20,154.17
2022-09-21,151.04
2022-09-22,150.08
2022-09-23,147.81
2022-09-26,148.14
2022-09-27,149.12
2022-09-28,147.23
2022-09-29,140.0
2022-09-30,135.79
2022-10-03,139.97
2022-10-04,143.56
2022-10-05,143.85
2022-10-06,142.9
2022-10-07,137.65
2022-10-10,137.97
2022-10-11,136.56
2022-10-12,135.93
2022-10-13,140.5
2022-10-14,135.97
2022-10-17,139.93
2022-10-18,141.25
2022-10-19,141.35
2022-10-20,140.89
2022-10-21,144.71
2022-10-24,146.85
2022-10-25,149.69
2022-10-26,146.75
2022-10-27,142.28
2022-10-28,153.03
2022-10-31,150.67
2022-11-01,148.03
2022-11-02,142.5
2022-11-03,136.46
2022-11-04,136.2
2022-11-07,136.73
2022-11-08,137.3
2022-11-09,132.74
2022-11-10,144.55
2022-11-11,147.34
2022-11-14,145.94
2022-11-15,147.67
2022-11-16,146.44
2022-11-17,148.34
2022-11-18,148.9
2022-11-21,145.67
2022-11-22,147.81
2022-11-23,148.69
2022-11-25,145.77
2022-11-28,141.94
2022-11-29,138.94
2022-11-30,145.69
2022-12-01,145.97
2022-12-02,145.48
2022-12-05,144.32
2022-12-06,140.65
2022-12-07,138.72
2022-12-08,140.4
2022-12-09,139.92
2022-12-12,142.21
2022-12-13,143.17
2022-12-14,140.95
2022-12-15,134.35
2022-12-16,132.39
2022-12-19,130.28
2022-12-20,130.21
2022-12-21,133.31
2022-12-22,130.14
2022-12-23,129.78
2022-12-27,127.98
2022-12-28,124.05
2022-12-29,127.56
2022-12-30,127.88
2023-01-03,123.1
2023-01-04,124.37
2023-01-05,123.05
2023-01-06,127.57
2023-01-09,128.1
2023-01-10,128.67
2023-01-11,131.38
2023-01-12,131.3
2023-01-13,132.63
2023-01-17,133.79
2023-01-18,133.08
2023-01-19,133.14
2023-01-20,135.69
2023-01-23,138.88
2023-01-24,140.28
2023-01-25,139.62
2023-01-26,141.69
2023-01-27,143.63
2023-01-30,140.74
2023-01-31,142.01
2023-02-01,143.13
2023-02-02,148.44
2023-02-03,152.06
2023-02-06,149.34
2023-02-07,152.21
2023-02-08,149.52
2023-02-09,148.49
2023-02-10,148.85
2023-02-13,151.65
2023-02-14,151.01
2023-02-15,153.11
2023-02-16,151.51
2023-02-17,150.37
2023-02-21,146.36
2023-02-22,146.78
2023-02-23,147.27
2023-02-24,144.61
2023-02-27,145.81
2023-02-28,145.3
2023-03-01,143.23
2023-03-02,143.83
2023-03-03,148.87
2023-03-06,151.63
2023-03-07,149.44
2023-03-08,150.69
2023-03-09,148.44
2023-03-10,146.38
2023-03-13,148.32
2023-03-14,150.41
2023-03-15,150.81
2023-03-16,153.62
2023-03-17,152.79
2023-03-20,155.15
2023-03-21,157.01
2023-03-22,155.58
2023-03-23,156.66
2023-03-24,157.96
2023-03-27,156.02
2023-03-28,155.4
2023-03-29,158.47
2023-03-30,160.04
2023-03-31,162.55
2023-04-03,163.8
2023-04-04,163.26
2023-04-05,161.42
2023-04-06,162.31
2023-04-10,159.72
2023-04-11,158.5
2023-04-12,157.81
2023-04-13,163.2
2023-04-14,162.85
2023-04-17,162.87
2023-04-18,164.09
2023-04-19,165.24
2023-04-20,164.27
2023-04-21,162.66
2023-04-24,162.97
2023-04-25,161.43
2023-04-26,161.42
2023-04-27,166.01
2023-04-28,167.26
2023-05-01,167.17
2023-05-02,166.13
2023-05-03,165.06
2023-05-04,163.42
2023-05-05,171.09
2023-05-08,171.02
2023-05-09,169.32
2023-05-10,171.08
2023-05-11,171.27
2023-05-12,170.34
2023-05-15,169.85
2023-05-16,169.85
2023-05-17,170.46
2023-05-18,172.79
2023-05-19,172.9
2023-05-22,171.95
2023-05-23,169.34
2023-05-24,169.62
2023-05-25,170.76
2023-05-26,173.16
2023-05-30,175.01
2023-05-31,174.96
2023-06-01,177.76
2023-06-02,178.61
2023-06-05,177.26
2023-06-06,176.9
2023-06-07,175.52
2023-06-08,178.24
2023-06-09,178.62
2023-06-12,181.42
2023-06-13,180.94
2023-06-14,181.57
2023-06-15,183.61
2023-06-16,182.53
2023-06-20,182.62
2023-06-21,181.58
2023-06-22,184.58
2023-06-23,184.27
2023-06-26,182.88
2023-06-27,185.63
2023-06-28,186.81
2023-06-29,187.14
2023-06-30,191.46
2023-07-03,189.97
2023-07-05,188.86
2023-07-06,189.33
2023-07-07,188.22
2023-07-10,186.17
2023-07-11,185.65
2023-07-12,187.32
2023-07-13,188.08
2023-07-14,188.23
2023-07-17,191.48
2023-07-18,191.23
2023-07-19,192.58
2023-07-20,190.64
2023-07-21,189.46
2023-07-24,190.26
2023-07-25,191.12
2023-07-26,191.99
2023-07-27,190.72
2023-07-28,193.3
2023-07-31,193.91
2023-08-01,193.08
2023-08-02,190.09
2023-08-03,188.7
2023-08-04,179.64
2023-08-07,176.54
2023-08-08,177.48
2023-08-09,175.89
2023-08-10,175.67
2023-08-11,175.73
2023-08-14,177.38
2023-08-15,175.39
2023-08-16,174.52
2023-08-17,171.98
2023-08-18,172.47
2023-08-21,173.8
2023-08-22,175.18
2023-08-23,179.02
2023-08-24,174.34
2023-08-25,176.54
2023-08-28,178.1
2023-08-29,181.99
2023-08-30,185.48
2023-08-31,185.69
2023-09-01,187.27
2023-09-05,187.5
2023-09-06,180.79
2023-09-07,175.5
2023-09-08,176.12
2023-09-11,177.28
2023-09-12,174.26
2023-09-13,172.19
2023-09-14,173.7
2023-09-15,172.98
2023-09-18,175.91
2023-09-19,177.0
2023-09-20,173.46
2023-09-21,171.92
2023-09-22,172.77
2023-09-25,174.04
2023-09-26,169.97
2023-09-27,168.46
2023-09-28,168.71
2023-09-29,169.23
2023-10-02,171.74
2023-10-03,170.4
2023-10-04,171.65
2023-10-05,172.88
2023-10-06,175.43
2023-10-09,176.92
2023-10-10,176.32
2023-10-11,177.72
2023-10-12,178.62
2023-10-13,176.78
2023-10-16,176.65
2023-10-17,175.1
2023-10-18,173.8
2023-10-19,173.43
2023-10-20,170.88
2023-10-23,171.0
2023-10-24,171.43
2023-10-25,169.12
2023-10-26,164.96
2023-10-27,166.27
2023-10-30,168.32
2023-10-31,168.79
2023-11-01,171.95
2023-11-02,175.51
2023-11-03,174.6
2023-11-06,177.15
2023-11-07,179.71
2023-11-08,180.77
2023-11-09,180.3
2023-11-10,184.48
2023-11-13,182.9
2023-11-14,185.51
2023-11-15,186.08
2023-11-16,187.76
2023-11-17,187.74
2023-11-20,189.48
2023-11-21,188.68
2023-11-22,189.34
2023-11-24,188.02
2023-11-27,187.84
2023-11-28,188.44
2023-11-29,187.42
2023-11-30,188.0
2023-12-01,189.27
2023-12-04,187.48
2023-12-05,191.43
2023-12-06,190.34
2023-12-07,192.27
2023-12-08,193.7
2023-12-11,191.19
2023-12-12,192.71
2023-12-13,195.92
2023-12-14,196.07
2023-12-15,195.54
2023-12-18,193.88
2023-12-19,194.92
2023-12-20,192.83
2023-12-21,192.68
2023-12-22,191.61
2023-12-26,191.07
2023-12-27,191.16
2023-12-28,191.59
2023-12-29,190.55
2024-01-02,183.73
2024-01-03,182.36
2024-01-04,180.04
2024-01-05,179.32
2024-01-08,183.65
2024-01-09,183.24
2024-01-10,184.28
2024-01-11,183.68
2024-01-12,184.01
2024-01-16,181.74
2024-01-17,180.8
2024-01-18,186.69
2024-01-19,189.59
2024-01-22,191.9
2024-01-23,193.17
2024-01-24,192.5
2024-01-25,192.17
2024-01-26,190.44
2024-01-29,189.76
2024-01-30,186.11
2024-01-31,182.5
2024-02-01,184.94
2024-02-02,183.94
2024-02-05,185.75
2024-02-06,187.35
2024-02-07,187.46
2024-02-08,186.38
2024-02-09,187.15
2024-02-12,185.46
2024-02-13,183.37
2024-02-14,182.49
2024-02-15,182.2
2024-02-16,180.67
2024-02-20,179.92
2024-02-21,180.68
2024-02-22,182.71
2024-02-23,180.87
2024-02-26,179.53
2024-02-27,180.98
2024-02-28,179.78
2024-02-29,179.12
2024-03-01,178.04
2024-03-04,173.52
2024-03-05,168.59
2024-03-06,167.59
2024-03-07,167.48
2024-03-08,169.19
2024-03-11,171.19
2024-03-12,171.67
2024-03-13,169.59
2024-03-14,171.44
2024-03-15,171.06
2024-03-18,172.15
2024-03-19,174.49
2024-03-20,177.06
2024-03-21,169.82
2024-03-22,170.73
2024-03-25,169.31
2024-03-26,168.18
2024-03-27,171.75
2024-03-28,169.93
2024-04-01,168.5
2024-04-02,167.32
2024-04-03,168.12
2024-04-04,167.3
2024-04-05,168.05
2024-04-08,166.93
2024-04-09,168.14
2024-04-10,166.27
2024-04-11,173.46
2024-04-12,174.96
2024-04-15,171.13
2024-04-16,167.85
2024-04-17,166.48
2024-04-18,165.53
2024-04-19,163.51
2024-04-22,164.34
2024-04-23,165.39
2024-04-24,167.5
2024-04-25,168.36
2024-04-26,167.77
2024-04-29,171.94
2024-04-30,168.79
2024-05-01,167.77
2024-05-02,171.47
2024-05-03,181.73
2024-05-06,180.07
2024-05-07,180.75
2024-05-08,181.09
2024-05-09,182.91
2024-05-10,181.65
2024-05-13,184.85
2024-05-14,185.99
2024-05-15,188.26
2024-05-16,188.38
2024-05-17,188.41
2024-05-20,189.57
2024-05-21,190.87
2024-05-22,189.43
2024-05-23,185.45
2024-05-24,188.52
2024-05-28,188.53
2024-05-29,188.83
2024-05-30,189.82
2024-05-31,190.77
2024-06-03,192.54
2024-06-04,192.86
2024-06-05,194.37
2024-06-06,192.99
2024-06-07,195.38
2024-06-10,191.64
2024-06-11,205.56
2024-06-12,211.43
2024-06-13,212.6
2024-06-14,210.86
2024-06-17,215.01
2024-06-18,212.65
2024-06-20,208.07
2024-06-21,205.9
2024-06-24,206.54
2024-06-25,207.47
2024-06-26,211.61
2024-06-27,212.46
2024-06-28,209.0
2024-07-01,215.09
2024-07-02,218.58
2024-07-03,219.85
2024-07-05,224.6
2024-07-08,226.07
2024-07-09,226.92
2024-07-10,231.19
2024-07-11,225.82
2024-07-12,228.77
2024-07-15,232.6
2024-07-16,233.02
2024-07-17,227.12
2024-07-18,222.46
2024-07-19,222.59
2024-07-22,222.24
2024-07-23,223.28
2024-07-24,216.86
2024-07-25,215.82
2024-07-26,216.29
2024-07-29,216.57
2024-07-30,217.12
2024-07-31,220.38
2024-08-01,216.68
2024-08-02,218.17
2024-08-05,207.66
2024-08-06,205.64
2024-08-07,208.21
2024-08-08,211.67
2024-08-09,214.58
2024-08-12,216.11
2024-08-13,219.83
2024-08-14,220.27
2024-08-15,223.25
2024-08-16,224.57
2024-08-19,224.42
2024-08-20,225.03
2024-08-21,224.92
2024-08-22,223.06
2024-08-23,225.36
2024-08-26,225.7
2024-08-27,226.54
2024-08-28,225.01
2024-08-29,228.29
2024-08-30,227.51
2024-09-03,221.32
2024-09-04,219.41
2024-09-05,220.93
2024-09-06,219.38
2024-09-09,219.47
2024-09-10,218.67
2024-09-11,221.21
2024-09-12,221.32
2024-09-13,221.05
2024-09-16,214.91
2024-09-17,215.38
2024-09-18,219.25
2024-09-19,227.38
2024-09-20,226.71
2024-09-23,224.99
2024-09-24,225.89
2024-09-25,224.89
2024-09-26,226.04
2024-09-27,226.3
2024-09-30,231.48
2024-10-01,224.73
2024-10-02,225.3
2024-10-03,224.2
2024-10-04,225.32
2024-10-07,220.24
2024-10-08,224.3
2024-10-09,228.04
2024-10-10,227.55
2024-10-11,226.07
2024-10-14,229.79
2024-10-15,232.32
2024-10-16,230.27
2024-10-17,230.63
2024-10-18,233.47
2024-10-21,234.94
2024-10-22,234.32
2024-10-23,229.25
2024-10-24,229.07
2024-10-25,229.9
2024-10-28,231.88
2024-10-29,232.15
2024-10-30,228.6
2024-10-31,224.44
2024-11-01,221.46
2024-11-04,220.56
2024-11-05,221.99
2024-11-06,221.27
2024-11-07,226.0
2024-11-08,225.73
2024-11-11,223.01
2024-11-12,223.01
2024-11-13,223.9
2024-11-14,226.98
2024-11-15,223.78
2024-11-18,226.78
2024-11-19,227.04
2024-11-20,227.76
2024-11-21,227.28
2024-11-22,228.62
2024-11-25,231.6
2024-11-26,233.78
2024-11-27,233.65
2024-11-29,236.04
2024-12-02,238.29
2024-12-03,241.33
2024-12-04,241.69
2024-12-05,241.72
2024-12-06,241.52
2024-12-09,245.41
2024-12-10,246.42
2024-12-11,245.15
2024-12-12,246.61
2024-12-13,246.78
2024-12-16,249.68
2024-12-17,252.1
2024-12-18,246.7
2024-12-19,248.43
2024-12-20,253.11
2024-12-23,253.88
2024-12-24,256.8
2024-12-26,257.61
2024-12-27,254.2
2024-12-30,250.83
2024-12-31,249.06
2025-01-02,242.53
2025-01-03,242.04
2025-01-06,243.67
2025-01-07,240.89
2025-01-08,241.38
2025-01-10,235.56
2025-01-13,233.13
2025-01-14,232.01
2025-01-15,236.58
2025-01-16,227.02
2025-01-17,228.73
2025-01-21,221.43
2025-01-22,222.61
2025-01-23,222.44
2025-01-24,221.57
2025-01-27,228.61
2025-01-28,236.97
2025-01-29,238.06
2025-01-30,236.3
2025-01-31,234.72
2025-02-03,226.77
2025-02-04,231.54
2025-02-05,231.21
2025-02-06,231.95
2025-02-07,226.39
2025-02-10,226.66
2025-02-11,231.61
2025-02-12,235.84
2025-02-13,240.48
2025-02-14,243.54
2025-02-18,243.41
2025-02-19,243.81
2025-02-20,244.76
2025-02-21,244.48
2025-02-24,246.03
2025-02-25,245.97
2025-02-26,239.32
2025-02-27,236.27
2025-02-28,240.79
2025-03-03,237.0
2025-03-04,234.91
2025-03-05,234.72
2025-03-06,234.31
2025-03-07,238.03
2025-03-10,226.49
2025-03-11,219.88
2025-03-12,216.04
2025-03-13,208.77
2025-03-14,212.56
2025-03-17,213.07
2025-03-18,211.77
2025-03-19,214.31
2025-03-20,213.17
2025-03-21,217.32
2025-03-24,219.77
2025-03-25,222.78
2025-03-26,220.57
2025-03-27,222.88
2025-03-28,216.95
2025-03-31,221.17
2025-04-01,222.22
2025-04-02,222.92
2025-04-03,202.31
2025-04-04,187.56
2025-04-07,180.67
2025-04-08,171.67
2025-04-09,197.99
2025-04-10,189.59
2025-04-11,197.29
2025-04-14,201.64
2025-04-15,201.26
2025-04-16,193.43
2025-04-17,196.13
2025-04-21,192.32
2025-04-22,198.87
2025-04-23,203.71
2025-04-24,207.47
2025-04-25,208.37
2025-04-28,209.23
2025-04-29,210.29
2025-04-30,211.58
2025-05-01,212.39
2025-05-02,204.46
2025-05-05,198.03
2025-05-06,197.65
2025-05-07,195.4
2025-05-08,196.63
2025-05-09,197.67
2025-05-12,210.15
2025-05-13,212.28
2025-05-14,211.69
2025-05-15,210.81
2025-05-16,210.62
2025-05-19,208.15
2025-05-20,206.23
2025-05-21,201.48
2025-05-22,200.75
2025-05-23,194.68
2025-05-27,199.6
2025-05-28,199.81
2025-05-29,199.34
2025-05-30,200.24
2025-06-02,201.09
2025-06-03,202.65
2025-06-04,202.2
2025-06-05,200.02
2025-06-06,203.3
2025-06-09,200.84
2025-06-10,202.06
2025-06-11,198.18
2025-06-12,198.6
2025-06-13,195.85
2025-06-16,197.82
2025-06-17,195.05
2025-06-18,195.98
2025-06-20,200.39
2025-06-23,200.89
2025-06-24,199.69
2025-06-25,200.95
2025-06-26,200.39
2025-06-27,200.47
2025-06-30,204.55
2025-07-01,207.19
2025-07-02,211.8
2025-07-03,212.9
2025-07-07,209.31
2025-07-08,209.37
2025-07-09,210.5
2025-07-10,211.77
2025-07-11,210.52
2025-07-14,207.99
2025-07-15,208.48
2025-07-16,209.52
2025-07-17,209.38
2025-07-18,210.54
2025-07-21,211.84
2025-07-22,213.75
2025-07-23,213.5
2025-07-24,213.11
2025-07-25,213.23
2025-07-28,213.4
2025-07-29,210.63
2025-07-30,208.42
2025-07-31,206.94
2025-08-01,201.77
2025-08-04,202.73
2025-08-05,202.3
2025-08-06,212.6
2025-08-07,219.36
2025-08-08,228.65
2025-08-11,226.75
2025-08-12,229.21
2025-08-13,232.89
2025-08-14,232.34
2025-08-15,231.15
2025-08-18,230.45
2025-08-19,230.12
2025-08-20,225.58
2025-08-21,224.47
2025-08-22,227.33
2025-08-25,226.73
2025-08-26,228.87
2025-08-27,230.05
2025-08-28,232.12
2025-08-29,231.7
2025-09-02,229.28
2025-09-03,238.02
2025-09-04,239.32
2025-09-05,239.23
2025-09-08,237.43
2025-09-09,233.9
2025-09-10,226.36
2025-09-11,229.59
2025-09-12,233.62
2025-09-15,236.25
2025-09-16,237.7
2025-09-17,238.54
2025-09-18,237.43
2025-09-19,245.03
2025-09-22,255.59
2025-09-23,253.95
2025-09-24,251.83
2025-09-25,256.38
2025-09-26,254.97
2025-09-29,253.95
2025-09-30,254.15
2025-10-01,254.96
2025-10-02,256.64
2025-10-03,257.53
2025-10-06,256.2
2025-10-07,255.99
2025-10-08,257.57
2025-10-09,253.56
2025-10-10,244.8
2025-10-13,247.19
2025-10-14,247.3
2025-10-15,248.87
2025-10-16,246.98
2025-10-17,251.81
2025-10-20,261.74
2025-10-21,262.27
2025-10-22,257.96
2025-10-23,259.09
2025-10-24,262.32
2025-10-27,268.3
2025-10-28,268.49
2025-10-29,269.19
2025-10-30,270.88
2025-10-31,269.86
2025-11-03,268.54
2025-11-04,269.53
2025-11-05,269.63
2025-11-06,269.26
2025-11-07,267.96
2025-11-10,269.18
2025-11-11,274.99
2025-11-12,273.21
2025-11-13,272.69
2025-11-14,272.16
2025-11-17,267.21
2025-11-18,267.19
2025-11-19,268.31
2025-11-20,266.0
2025-11-21,271.24
2025-11-24,275.66
2025-11-25,276.71
2025-11-26,277.29
2025-11-28,278.59
2025-12-01,282.84
2025-12-02,285.92
2025-12-03,283.88
2025-12-04,280.44
2025-12-05,278.52
2025-12-08,277.63
2025-12-09,276.92
2025-12-10,278.52
2025-12-11,277.77
2025-12-12,278.02
2025-12-15,273.85
2025-12-16,274.35
2025-12-17,271.59
2025-12-18,271.94
2025-12-19,273.41
2025-12-22,270.72
2025-12-23,272.11
2025-12-24,273.55
2025-12-26,273.14
2025-12-29,273.5
2025-12-30,272.82
2025-12-31,271.61
2026-01-02,270.76
2026-01-05,267.01
2026-01-06,262.11
2026-01-07,260.09
2026-01-08,258.8
2026-01-09,259.13
2026-01-12,260.01
2026-01-13,260.81
2026-01-14,259.72
2026-01-15,257.97
2026-01-16,255.29
2026-01-20,246.47
2026-01-21,247.42
2026-01-22,248.12
2026-01-23,247.81
2026-01-26,255.17
2026-01-27,258.03
2026-01-28,256.2
2026-01-29,258.04
2026-01-30,259.24
2026-02-02,269.76
2026-02-03,269.23
2026-02-04,276.23
2026-02-05,275.65
2026-02-06,277.86
2026-02-09,274.62
2026-02-10,273.68
2026-02-11,275.5
2026-02-12,261.73
2026-02-13,255.78
2026-02-17,263.88
2026-02-18,264.35
2026-02-19,260.58
2026-02-20,264.58
2026-02-23,266.18
2026-02-24,272.14
2026-02-25,274.23
2026-02-26,272.95
2026-02-27,264.18
2026-03-02,264.72
2026-03-03,263.75
2026-03-04,262.52
2026-03-05,260.29
2026-03-06,257.46
2026-03-09,259.88
2026-03-10,260.83
2026-03-11,260.81
2026-03-12,255.76
2026-03-13,250.12
